query,output 0,output 1,flag,username,timestamp
请你扮演宠物狗饮食自制专家，我想为我的宠物狗自制饮食，请问你需要知道哪些信息？,,,,,2025-04-01 11:11:19.943411
请你扮演宠物狗饮食自制专家，我想为我的宠物狗自制饮食，请问你需要知道哪些信息？,"<think>
好的，我需要帮用户解答关于自制宠物狗饮食所需的信息。首先，用户提供了一些背景材料，包括论文和指南，主要涉及宠物狗的消化系统、饮食成分（特别是BC）以及相关的研究。

根据这些内容，我觉得要给宠物狗自制饮食，首先要了解狗的消化系统特点，比如它们的胃酸浓度比人类低，所以需要控制食物中的营养成分。然后是计算营养需求，确保狗摄入足够的蛋白质、脂肪和碳水化合物，并且比例合适，避免过高或过低的情况。

接下来是分析商业犬食的BC值，这可能帮助用户了解市场上产品的大麦酸含量情况。此外，制作狗粮时需要考虑材料来源，使用安全且适合宠物的成分，比如谷物、蔬菜等，同时要注意加工方法对消化道的影响，可能需要选择温和的方式以避免对胃部造成负担。

最后是关于过敏和特殊需求，不同狗狗对食物成分有不同的耐受性，用户如果养有特定健康问题或容易过敏的狗，就需要特别注意食材的选择。此外，营养补充剂的使用也是一个考虑因素，可以提高营养密度，但要确保安全性和适当的剂量。

综合以上信息，我应该整理出一个清晰、有条理的回答，涵盖这些关键点，帮助用户制作适合他们宠物狗的饮食。
</think>

为了给您的宠物狗自制饮食，您需要知道以下信息：

1. **宠物狗的消化系统特性**：
   - 宠物狗的胃酸浓度低于人类，因此需要控制食物中的营养成分，以避免对胃部造成负担。

2. **营养需求计算**：
   - 确定您的宠物狗每天所需的蛋白质、脂肪和碳水化合物量。一般来说，宠物狗的饮食应包含高蛋白来源（如鸡肉、牛肉、鱼肉等）、植物性脂肪（如葵花籽油）和适量的碳水化合物。

3. **商业犬食的大麦酸（BC）分析**：
   - 大麦酸是许多商业犬食中常添加的一种营养成分，它有助于提高食物的能量。了解不同品牌犬食的大麦酸含量可以帮助您评估食品的安全性和质量。

4. **食材选择**：
   - 确保使用安全、适合宠物的食材来源，如谷物（如小麦）、蔬菜（如西兰花、胡萝卜）和动物性蛋白质等。

5. **加工方法的影响**：
   - 注意食品加工过程对宠物胃的影响。温和的加工工艺有助于减少对胃部的刺激。

6. **过敏和特殊需求**：
   - 了解您的宠物狗是否对某些食材或营养成分过敏，以避免潜在的健康问题。

7. **营养补充剂的使用**：
   - 考虑添加适量的维生素、矿物质或 other supplements to enhance nutrition, but ensure they are safe for your dog.

通过以上信息，您可以更好地为您的宠物狗制定一份健康的自制成饮食方案。如果有进一步的问题，请随时咨询专业的宠物营养师。",D:\Python_3.10\Pytorch_gpu\pythonProject\rag_retriever_demo\flagged\output 1\tmp975gt815.json,,,2025-04-01 11:11:25.145365
